KodeKec;Nama;JumlahDesa;Desa_id;Desa_en;Desa01;Desa02;Desa03;Desa04;Desa05;Desa06;Desa07;Desa08;Desa09;Desa10;Desa11;Desa12;Desa13;Desa14;Desa15;KECAMATAN;@Sekat;@Grafik1;@Grafik2;@Grafik3;U701_id;U702_id;U703_id;U704_id;U701_en;U702_en;U703_en;U704_en;T71K2B1;T71K2B2;T71K2B3;T72K2B1;T72K2B2;T72K2B3;T72K2B4;T73K2B1;T73K2B2;T73K2B3;T73K2B4;T73K2B5;T73K2B6
10;Sumur;7;Desa;Village;Ujungjaya;Tamanjaya;Cigorondong;Tunggaljaya;Kertamukti;Kertajaya;Sumberjaya;;;;;;;;;SUMUR;D:\KCDA\2025\010\Bab7.PNG;D:\KCDA\2025\010\G071.png;D:\KCDA\2025\010\G072.png;D:\KCDA\2025\010\G073.png;Bank merupakan jasa perantara keuangan yang berperan mengumpulkan dana masyarakat dan menyalurkannya sesuai ketentuan yang berlaku. Kehadiran bank di suatu wilayah mendorong pembentukan investasi sektor riil yang akan berujung pada penciptaan nilai tambah ekonomi.  Sangat disayangkan, keberadaan lembaga keuangan ini belum terlihat di seluruh desa untuk Kecamatan Sumur sampai dengan tahun 2024. ;Koperasi dalam sektor riil memiliki banyak keunggulan sehingga dapat mengoptimalkan potensi keunggulan daerah. Mengacu pada data terakhir, jumlah koperasi yang ada di Kecamatan Sumur adalah 3 unit, yaitu koperasi simpan pinjam. ;Meski sebatas sistem pendukung, kehadiran ATM dan agen bank cukup berarti dalam meningkatkan perputaran uang di suatu wilayah Data terahir menunjukkan bahwa sudah dapat ditemui sebanyak 20 unit pendukung tersebut untuk ATM,  dan agen bank di Kecamatan Sumur. ;Pasar merupakan sarana perdagangan yang perlu dicermati keberadaannya pada suatu daerah. Berdasarkan data tahun 2024,  tercatat sebanyak 15 jenis infrastruktur perdagangan di Kecamatan Sumur, yaitu , pasar dengan bangunan semi permanen, pasar tanpa bangunan, minimarket/swalayan/supermarket;Banks are financial intermediaries that play a role in collecting funds from the public and channeling them in accordance with applicable regulations. The presence of banks in a region encourages the formation of real-sector investments that ultimately lead to the creation of economic value added.  Unfortunately, the presence of this financial institution has not been observed throughout village for Sumur District until the year 2024. ;Cooperatives in the real sector have numerous advantages, allowing them to harness the potential advantages of the region optimally.  Referring to the latest data, the number of cooperatives in the Sumur District is 3 units, which is savings and loan cooperatives. ;Even as support systems, the presence of ATM and bank agent is significant in enhancing the circulation of money in a region. The latest data shows that  there are  20 unit of supporting facilities which is ATM,  dan agen bank can be found in Sumur District.;Markets are trading facilities whose existence needs to be noted in a particular area. Based on data from the year 2024,   there are 15 types of trading infrastructure recorded in the Sumur District, which are , market with semi-permanent buildings, buildingless market, minimarket/supermarket;–;–;–;–;–;1;1;–;1;1;1;2;–
20;Cimanggu;12;Desa;Village;Rancapinang;Cibadak;Batuhideung;Tugu;Kramatjaya;Mangkualam;Padasuka;Ciburial;Waringinkurung;Cijaralang;Cimanggu;Tangkilsari;;;;CIMANGGU;D:\KCDA\2025\020\Bab7.PNG;D:\KCDA\2025\020\G071.png;D:\KCDA\2025\020\G072.png;D:\KCDA\2025\020\G073.png;Bank merupakan jasa perantara keuangan yang berperan mengumpulkan dana masyarakat dan menyalurkannya sesuai ketentuan yang berlaku. Kehadiran bank di suatu wilayah mendorong pembentukan investasi sektor riil yang akan berujung pada penciptaan nilai tambah ekonomi.  Sangat disayangkan, keberadaan lembaga keuangan ini belum terlihat di seluruh desa untuk Kecamatan Cimanggu sampai dengan tahun 2024. ;Koperasi dalam sektor riil memiliki banyak keunggulan sehingga dapat mengoptimalkan potensi keunggulan daerah. Mengacu pada data terakhir, jumlah koperasi yang ada di Kecamatan Cimanggu adalah 3 unit, yaitu  dan koperasi simpan pinjam. ;Meski sebatas sistem pendukung, kehadiran ATM dan agen bank cukup berarti dalam meningkatkan perputaran uang di suatu wilayah Data terahir menunjukkan bahwa sudah dapat ditemui sebanyak 15 unit pendukung tersebut untuk ATM,  dan agen bank di Kecamatan Cimanggu. ;Pasar merupakan sarana perdagangan yang perlu dicermati keberadaannya pada suatu daerah. Berdasarkan data tahun 2024,  tercatat sebanyak 6 jenis infrastruktur perdagangan di Kecamatan Cimanggu, yaitu , restoran;Banks are financial intermediaries that play a role in collecting funds from the public and channeling them in accordance with applicable regulations. The presence of banks in a region encourages the formation of real-sector investments that ultimately lead to the creation of economic value added.  Unfortunately, the presence of this financial institution has not been observed throughout village for Cimanggu District until the year 2024. ;Cooperatives in the real sector have numerous advantages, allowing them to harness the potential advantages of the region optimally.  Referring to the latest data, the number of cooperatives in the Cimanggu District is 3 units, which is  dan savings and loan cooperatives. ;Even as support systems, the presence of ATM and bank agent is significant in enhancing the circulation of money in a region. The latest data shows that  there are  15 unit of supporting facilities which is ATM,  dan agen bank can be found in Cimanggu District.;Markets are trading facilities whose existence needs to be noted in a particular area. Based on data from the year 2024,   there are 6 types of trading infrastructure recorded in the Cimanggu District, which are , restaurant;–;–;–;–;1;1;–;–;–;–;–;1;–
30;Cibaliung;9;Desa;Village;Sukajadi;Sudimanik;Sorongan;Curug;Cihanjuang;Cibingbin;Cibaliung;Mendung;Mahendra;;;;;;;CIBALIUNG;D:\KCDA\2025\030\Bab7.PNG;D:\KCDA\2025\030\G071.png;D:\KCDA\2025\030\G072.png;D:\KCDA\2025\030\G073.png;Bank merupakan jasa perantara keuangan yang berperan mengumpulkan dana masyarakat dan menyalurkannya sesuai ketentuan yang berlaku. Kehadiran bank di suatu wilayah mendorong pembentukan investasi sektor riil yang akan berujung pada penciptaan nilai tambah ekonomi.  Sampai dengan tahun 2024, sudah dapat dijumpai sejumlah 2 unit bank, untuk jenis bank umum pemerintah, dan bank umum swasta. ;Koperasi dalam sektor riil memiliki banyak keunggulan sehingga dapat mengoptimalkan potensi keunggulan daerah. Mengacu pada data terakhir, jumlah koperasi yang ada di Kecamatan Cibaliung adalah 4 unit, yaitu koperasi simpan pinjam. ;Meski sebatas sistem pendukung, kehadiran ATM dan agen bank cukup berarti dalam meningkatkan perputaran uang di suatu wilayah Data terahir menunjukkan bahwa sudah dapat ditemui sebanyak 17 unit pendukung tersebut untuk ATM,  dan agen bank di Kecamatan Cibaliung. ;Pasar merupakan sarana perdagangan yang perlu dicermati keberadaannya pada suatu daerah. Berdasarkan data tahun 2024,  tercatat sebanyak 28 jenis infrastruktur perdagangan di Kecamatan Cibaliung, yaitu , pasar dengan bangunan permanen, pasar dengan bangunan semi permanen, pasar tanpa bangunan, minimarket/swalayan/supermarket, restoran;Banks are financial intermediaries that play a role in collecting funds from the public and channeling them in accordance with applicable regulations. The presence of banks in a region encourages the formation of real-sector investments that ultimately lead to the creation of economic value added.  Until the year 2024, there are found 2 bank units, which are government owned commercial bank, and private commercial bank. ;Cooperatives in the real sector have numerous advantages, allowing them to harness the potential advantages of the region optimally.  Referring to the latest data, the number of cooperatives in the Cibaliung District is 4 units, which is savings and loan cooperatives. ;Even as support systems, the presence of ATM and bank agent is significant in enhancing the circulation of money in a region. The latest data shows that  there are  17 unit of supporting facilities which is ATM,  dan agen bank can be found in Cibaliung District.;Markets are trading facilities whose existence needs to be noted in a particular area. Based on data from the year 2024,   there are 28 types of trading infrastructure recorded in the Cibaliung District, which are , market with permanent buildings, market with semi-permanent buildings, buildingless market, minimarket/supermarket, restaurant;1;1;–;2;–;2;3;1;1;1;1;1;2
31;Cibitung;10;Desa;Village;Citeluk;Sindangkerta;Kiarajangkung;Kutakarang;Cikiruh;Malangnengah;Cikadu;Manglid;Kiarapayung;Cikalong;;;;;;CIBITUNG;D:\KCDA\2025\031\Bab7.PNG;D:\KCDA\2025\031\G071.png;D:\KCDA\2025\031\G072.png;D:\KCDA\2025\031\G073.png;Bank merupakan jasa perantara keuangan yang berperan mengumpulkan dana masyarakat dan menyalurkannya sesuai ketentuan yang berlaku. Kehadiran bank di suatu wilayah mendorong pembentukan investasi sektor riil yang akan berujung pada penciptaan nilai tambah ekonomi.  Sangat disayangkan, keberadaan lembaga keuangan ini belum terlihat di seluruh desa untuk Kecamatan Cibitung sampai dengan tahun 2024. ;Koperasi dalam sektor riil memiliki banyak keunggulan sehingga dapat mengoptimalkan potensi keunggulan daerah. Mengacu pada data terakhir, jumlah koperasi yang ada di Kecamatan Cibitung adalah 1 unit, yaitu koperasi simpan pinjam. ;Meski sebatas sistem pendukung, kehadiran ATM dan agen bank cukup berarti dalam meningkatkan perputaran uang di suatu wilayah Data terahir menunjukkan bahwa sudah dapat ditemui sebanyak 11 unit pendukung tersebut untuk agen bank di Kecamatan Cibitung. ;Pasar merupakan sarana perdagangan yang perlu dicermati keberadaannya pada suatu daerah. Berdasarkan data tahun 2024,  tercatat sebanyak 1 jenis infrastruktur perdagangan di Kecamatan Cibitung, yaitu SPBU;Banks are financial intermediaries that play a role in collecting funds from the public and channeling them in accordance with applicable regulations. The presence of banks in a region encourages the formation of real-sector investments that ultimately lead to the creation of economic value added.  Unfortunately, the presence of this financial institution has not been observed throughout village for Cibitung District until the year 2024. ;Cooperatives in the real sector have numerous advantages, allowing them to harness the potential advantages of the region optimally.  Referring to the latest data, the number of cooperatives in the Cibitung District is 1 unit, which is savings and loan cooperatives. ;Even as support systems, the presence of ATM and bank agent is significant in enhancing the circulation of money in a region. The latest data shows that  there are  11 unit of supporting facilities which is agen bank can be found in Cibitung District.;Markets are trading facilities whose existence needs to be noted in a particular area. Based on data from the year 2024,   there is 1 types of trading infrastructure recorded in the Cibitung District, which is gas station;–;–;–;–;–;1;–;–;–;–;–;–;–
40;Cikeusik;14;Desa;Village;Tanjungan;Cikiruhwetan;Sukawaris;Sumurbatu;Umbulan;Sukamulya;Parungkokosan;Nanggala;Rancaseneng;Sukaseneng;Cikeusik;Leuwibalang;Curugciung;Cikadongdong;;CIKEUSIK;D:\KCDA\2025\040\Bab7.PNG;D:\KCDA\2025\040\G071.png;D:\KCDA\2025\040\G072.png;D:\KCDA\2025\040\G073.png;Bank merupakan jasa perantara keuangan yang berperan mengumpulkan dana masyarakat dan menyalurkannya sesuai ketentuan yang berlaku. Kehadiran bank di suatu wilayah mendorong pembentukan investasi sektor riil yang akan berujung pada penciptaan nilai tambah ekonomi.  Sangat disayangkan, keberadaan lembaga keuangan ini belum terlihat di seluruh desa untuk Kecamatan Cikeusik sampai dengan tahun 2024. ;Koperasi dalam sektor riil memiliki banyak keunggulan sehingga dapat mengoptimalkan potensi keunggulan daerah. Mengacu pada data terakhir, jumlah koperasi yang ada di Kecamatan Cikeusik adalah 9 unit, yaitu  dan koperasi simpan pinjam. ;Meski sebatas sistem pendukung, kehadiran ATM dan agen bank cukup berarti dalam meningkatkan perputaran uang di suatu wilayah Data terahir menunjukkan bahwa sudah dapat ditemui sebanyak 17 unit pendukung tersebut untuk ATM,  dan agen bank di Kecamatan Cikeusik. ;Pasar merupakan sarana perdagangan yang perlu dicermati keberadaannya pada suatu daerah. Berdasarkan data tahun 2024,  tercatat sebanyak 28 jenis infrastruktur perdagangan di Kecamatan Cikeusik, yaitu , pasar dengan bangunan permanen, pasar dengan bangunan semi permanen, pasar tanpa bangunan, minimarket/swalayan/supermarket, restoran;Banks are financial intermediaries that play a role in collecting funds from the public and channeling them in accordance with applicable regulations. The presence of banks in a region encourages the formation of real-sector investments that ultimately lead to the creation of economic value added.  Unfortunately, the presence of this financial institution has not been observed throughout village for Cikeusik District until the year 2024. ;Cooperatives in the real sector have numerous advantages, allowing them to harness the potential advantages of the region optimally.  Referring to the latest data, the number of cooperatives in the Cikeusik District is 9 units, which is  dan savings and loan cooperatives. ;Even as support systems, the presence of ATM and bank agent is significant in enhancing the circulation of money in a region. The latest data shows that  there are  17 unit of supporting facilities which is ATM,  dan agen bank can be found in Cikeusik District.;Markets are trading facilities whose existence needs to be noted in a particular area. Based on data from the year 2024,   there are 28 types of trading infrastructure recorded in the Cikeusik District, which are , market with permanent buildings, market with semi-permanent buildings, buildingless market, minimarket/supermarket, restaurant;–;–;–;–;–;1;1;3;2;1;1;2;2
50;Cigeulis;9;Desa;Village;Banyuasih;Karangbolong;Karyabuana;Katumbiri;Waringinjaya;Sinarjaya;Ciseureuheun;Cigeulis;Tarumanagara;;;;;;;CIGEULIS;D:\KCDA\2025\050\Bab7.PNG;D:\KCDA\2025\050\G071.png;D:\KCDA\2025\050\G072.png;D:\KCDA\2025\050\G073.png;Bank merupakan jasa perantara keuangan yang berperan mengumpulkan dana masyarakat dan menyalurkannya sesuai ketentuan yang berlaku. Kehadiran bank di suatu wilayah mendorong pembentukan investasi sektor riil yang akan berujung pada penciptaan nilai tambah ekonomi.  Sangat disayangkan, keberadaan lembaga keuangan ini belum terlihat di seluruh desa untuk Kecamatan Cigeulis sampai dengan tahun 2024. ;Koperasi dalam sektor riil memiliki banyak keunggulan sehingga dapat mengoptimalkan potensi keunggulan daerah. Mengacu pada data terakhir, jumlah koperasi yang ada di Kecamatan Cigeulis adalah 12 unit, yaitu  dan koperasi simpan pinjam. ;Meski sebatas sistem pendukung, kehadiran ATM dan agen bank cukup berarti dalam meningkatkan perputaran uang di suatu wilayah Data terahir menunjukkan bahwa sudah dapat ditemui sebanyak 10 unit pendukung tersebut untuk ATM,  dan agen bank di Kecamatan Cigeulis. ;Pasar merupakan sarana perdagangan yang perlu dicermati keberadaannya pada suatu daerah. Berdasarkan data tahun 2024,  tercatat sebanyak 3 jenis infrastruktur perdagangan di Kecamatan Cigeulis, yaitu ;Banks are financial intermediaries that play a role in collecting funds from the public and channeling them in accordance with applicable regulations. The presence of banks in a region encourages the formation of real-sector investments that ultimately lead to the creation of economic value added.  Unfortunately, the presence of this financial institution has not been observed throughout village for Cigeulis District until the year 2024. ;Cooperatives in the real sector have numerous advantages, allowing them to harness the potential advantages of the region optimally.  Referring to the latest data, the number of cooperatives in the Cigeulis District is 12 units, which is  dan savings and loan cooperatives. ;Even as support systems, the presence of ATM and bank agent is significant in enhancing the circulation of money in a region. The latest data shows that  there are  10 unit of supporting facilities which is ATM,  dan agen bank can be found in Cigeulis District.;Markets are trading facilities whose existence needs to be noted in a particular area. Based on data from the year 2024,   there are 3 types of trading infrastructure recorded in the Cigeulis District, which are ;–;–;–;–;2;1;–;–;–;–;–;1;–
60;Panimbang;6;Desa;Village;Mekarjaya;Gombong;Panimbangjaya;Mekarsari;Citeureup;Tanjungjaya;;;;;;;;;;PANIMBANG;D:\KCDA\2025\060\Bab7.PNG;D:\KCDA\2025\060\G071.png;D:\KCDA\2025\060\G072.png;D:\KCDA\2025\060\G073.png;Bank merupakan jasa perantara keuangan yang berperan mengumpulkan dana masyarakat dan menyalurkannya sesuai ketentuan yang berlaku. Kehadiran bank di suatu wilayah mendorong pembentukan investasi sektor riil yang akan berujung pada penciptaan nilai tambah ekonomi.  Sampai dengan tahun 2024, sudah dapat dijumpai sejumlah 4 unit bank, untuk jenis bank umum pemerintah, dan bank umum swasta. ;Koperasi dalam sektor riil memiliki banyak keunggulan sehingga dapat mengoptimalkan potensi keunggulan daerah. Mengacu pada data terakhir, jumlah koperasi yang ada di Kecamatan Panimbang adalah 2 unit, yaitu  dan koperasi simpan pinjam. ;Meski sebatas sistem pendukung, kehadiran ATM dan agen bank cukup berarti dalam meningkatkan perputaran uang di suatu wilayah Data terahir menunjukkan bahwa sudah dapat ditemui sebanyak 23 unit pendukung tersebut untuk ATM,  dan agen bank di Kecamatan Panimbang. ;Pasar merupakan sarana perdagangan yang perlu dicermati keberadaannya pada suatu daerah. Berdasarkan data tahun 2024,  tercatat sebanyak 28 jenis infrastruktur perdagangan di Kecamatan Panimbang, yaitu , pasar dengan bangunan permanen, pasar dengan bangunan semi permanen, pasar tanpa bangunan, minimarket/swalayan/supermarket, restoran;Banks are financial intermediaries that play a role in collecting funds from the public and channeling them in accordance with applicable regulations. The presence of banks in a region encourages the formation of real-sector investments that ultimately lead to the creation of economic value added.  Until the year 2024, there are found 4 bank units, which are government owned commercial bank, and private commercial bank. ;Cooperatives in the real sector have numerous advantages, allowing them to harness the potential advantages of the region optimally.  Referring to the latest data, the number of cooperatives in the Panimbang District is 2 units, which is  dan savings and loan cooperatives. ;Even as support systems, the presence of ATM and bank agent is significant in enhancing the circulation of money in a region. The latest data shows that  there are  23 unit of supporting facilities which is ATM,  dan agen bank can be found in Panimbang District.;Markets are trading facilities whose existence needs to be noted in a particular area. Based on data from the year 2024,   there are 28 types of trading infrastructure recorded in the Panimbang District, which are , market with permanent buildings, market with semi-permanent buildings, buildingless market, minimarket/supermarket, restaurant;2;–;–;–;1;–;–;3;2;2;2;2;4
61;Sobang;8;Desa;Village;Cimanis;Pangkalan;Sobang;Kutamekar;Bojen;Kertaraharja;Teluklada;Bojenwetan;;;;;;;;SOBANG;D:\KCDA\2025\061\Bab7.PNG;D:\KCDA\2025\061\G071.png;D:\KCDA\2025\061\G072.png;D:\KCDA\2025\061\G073.png;Bank merupakan jasa perantara keuangan yang berperan mengumpulkan dana masyarakat dan menyalurkannya sesuai ketentuan yang berlaku. Kehadiran bank di suatu wilayah mendorong pembentukan investasi sektor riil yang akan berujung pada penciptaan nilai tambah ekonomi.  Sampai dengan tahun 2024, sudah dapat dijumpai sejumlah 1 unit bank, untuk jenis  dan bank umum pemerintah. ;Koperasi dalam sektor riil memiliki banyak keunggulan sehingga dapat mengoptimalkan potensi keunggulan daerah. Mengacu pada data terakhir, jumlah koperasi yang ada di Kecamatan Sobang adalah 2 unit, yaitu koperasi unit desa. ;Meski sebatas sistem pendukung, kehadiran ATM dan agen bank cukup berarti dalam meningkatkan perputaran uang di suatu wilayah Data terahir menunjukkan bahwa sudah dapat ditemui sebanyak 23 unit pendukung tersebut untuk ATM,  dan agen bank di Kecamatan Sobang. ;Pasar merupakan sarana perdagangan yang perlu dicermati keberadaannya pada suatu daerah. Berdasarkan data tahun 2024,  tercatat sebanyak 10 jenis infrastruktur perdagangan di Kecamatan Sobang, yaitu , pasar dengan bangunan permanen, minimarket/swalayan/supermarket;Banks are financial intermediaries that play a role in collecting funds from the public and channeling them in accordance with applicable regulations. The presence of banks in a region encourages the formation of real-sector investments that ultimately lead to the creation of economic value added.  Until the year 2024, there is found 1 bank unit, which is  and government owned commercial bank. ;Cooperatives in the real sector have numerous advantages, allowing them to harness the potential advantages of the region optimally.  Referring to the latest data, the number of cooperatives in the Sobang District is 2 units, which is village cooperatives. ;Even as support systems, the presence of ATM and bank agent is significant in enhancing the circulation of money in a region. The latest data shows that  there are  23 unit of supporting facilities which is ATM,  dan agen bank can be found in Sobang District.;Markets are trading facilities whose existence needs to be noted in a particular area. Based on data from the year 2024,   there are 10 types of trading infrastructure recorded in the Sobang District, which are , market with permanent buildings, minimarket/supermarket;1;–;–;1;–;–;1;3;2;1;–;3;1
70;Munjul;9;Desa;Village;Lebak;Gunungbatu;Panacaran;Curuglanglang;Munjul;Cibitung;Kotadukuh;Pasanggrahan;Sukasaba;;;;;;;MUNJUL;D:\KCDA\2025\070\Bab7.PNG;D:\KCDA\2025\070\G071.png;D:\KCDA\2025\070\G072.png;D:\KCDA\2025\070\G073.png;Bank merupakan jasa perantara keuangan yang berperan mengumpulkan dana masyarakat dan menyalurkannya sesuai ketentuan yang berlaku. Kehadiran bank di suatu wilayah mendorong pembentukan investasi sektor riil yang akan berujung pada penciptaan nilai tambah ekonomi.  Sampai dengan tahun 2024, sudah dapat dijumpai sejumlah 1 unit bank, untuk jenis  dan bank umum pemerintah. ;Koperasi dalam sektor riil memiliki banyak keunggulan sehingga dapat mengoptimalkan potensi keunggulan daerah. Mengacu pada data terakhir, jumlah koperasi yang ada di Kecamatan Munjul adalah 3 unit, yaitu ;Meski sebatas sistem pendukung, kehadiran ATM dan agen bank cukup berarti dalam meningkatkan perputaran uang di suatu wilayah Data terahir menunjukkan bahwa sudah dapat ditemui sebanyak 18 unit pendukung tersebut untuk ATM,  dan agen bank di Kecamatan Munjul. ;Pasar merupakan sarana perdagangan yang perlu dicermati keberadaannya pada suatu daerah. Berdasarkan data tahun 2024,  tercatat sebanyak 15 jenis infrastruktur perdagangan di Kecamatan Munjul, yaitu , pasar dengan bangunan permanen, pasar dengan bangunan semi permanen, minimarket/swalayan/supermarket;Banks are financial intermediaries that play a role in collecting funds from the public and channeling them in accordance with applicable regulations. The presence of banks in a region encourages the formation of real-sector investments that ultimately lead to the creation of economic value added.  Until the year 2024, there is found 1 bank unit, which is  and government owned commercial bank. ;Cooperatives in the real sector have numerous advantages, allowing them to harness the potential advantages of the region optimally.  Referring to the latest data, the number of cooperatives in the Munjul District is 3 units, which is ;Even as support systems, the presence of ATM and bank agent is significant in enhancing the circulation of money in a region. The latest data shows that  there are  18 unit of supporting facilities which is ATM,  dan agen bank can be found in Munjul District.;Markets are trading facilities whose existence needs to be noted in a particular area. Based on data from the year 2024,   there are 15 types of trading infrastructure recorded in the Munjul District, which are , market with permanent buildings, market with semi-permanent buildings, minimarket/supermarket;–;–;–;–;–;–;1;1;1;1;–;1;–
71;Angsana;9;Desa;Village;Cipinang;Kadubadak;Cikayas;Sumurlaban;Padamulya;Padaherang;Karangsari;Angsana;Kramatmanik;;;;;;;ANGSANA;D:\KCDA\2025\071\Bab7.PNG;D:\KCDA\2025\071\G071.png;D:\KCDA\2025\071\G072.png;D:\KCDA\2025\071\G073.png;Bank merupakan jasa perantara keuangan yang berperan mengumpulkan dana masyarakat dan menyalurkannya sesuai ketentuan yang berlaku. Kehadiran bank di suatu wilayah mendorong pembentukan investasi sektor riil yang akan berujung pada penciptaan nilai tambah ekonomi.  Sangat disayangkan, keberadaan lembaga keuangan ini belum terlihat di seluruh desa untuk Kecamatan Angsana sampai dengan tahun 2024. ;Koperasi dalam sektor riil memiliki banyak keunggulan sehingga dapat mengoptimalkan potensi keunggulan daerah. Mengacu pada data terakhir, jumlah koperasi yang ada di Kecamatan Angsana adalah 1 unit, yaitu ;Meski sebatas sistem pendukung, kehadiran ATM dan agen bank cukup berarti dalam meningkatkan perputaran uang di suatu wilayah Data terahir menunjukkan bahwa sudah dapat ditemui sebanyak 16 unit pendukung tersebut untuk agen bank di Kecamatan Angsana. ;Pasar merupakan sarana perdagangan yang perlu dicermati keberadaannya pada suatu daerah. Berdasarkan data tahun 2024,  tercatat sebanyak 6 jenis infrastruktur perdagangan di Kecamatan Angsana, yaitu , minimarket/swalayan/supermarket;Banks are financial intermediaries that play a role in collecting funds from the public and channeling them in accordance with applicable regulations. The presence of banks in a region encourages the formation of real-sector investments that ultimately lead to the creation of economic value added.  Unfortunately, the presence of this financial institution has not been observed throughout village for Angsana District until the year 2024. ;Cooperatives in the real sector have numerous advantages, allowing them to harness the potential advantages of the region optimally.  Referring to the latest data, the number of cooperatives in the Angsana District is 1 unit, which is ;Even as support systems, the presence of ATM and bank agent is significant in enhancing the circulation of money in a region. The latest data shows that  there are  16 unit of supporting facilities which is agen bank can be found in Angsana District.;Markets are trading facilities whose existence needs to be noted in a particular area. Based on data from the year 2024,   there are 6 types of trading infrastructure recorded in the Angsana District, which are , minimarket/supermarket;–;–;–;–;–;–;1;–;–;–;–;1;–
72;Sindangresmi;9;Desa;Village;Pasirloa;Bojongmanik;Campakawarna;Ciodeng;Pasirtenjo;Sindangresmi;Pasirlancar;Pasirdurung;Kadumalati;;;;;;;SINDANGRESMI;D:\KCDA\2025\072\Bab7.PNG;D:\KCDA\2025\072\G071.png;D:\KCDA\2025\072\G072.png;D:\KCDA\2025\072\G073.png;Bank merupakan jasa perantara keuangan yang berperan mengumpulkan dana masyarakat dan menyalurkannya sesuai ketentuan yang berlaku. Kehadiran bank di suatu wilayah mendorong pembentukan investasi sektor riil yang akan berujung pada penciptaan nilai tambah ekonomi.  Sangat disayangkan, keberadaan lembaga keuangan ini belum terlihat di seluruh desa untuk Kecamatan Sindangresmi sampai dengan tahun 2024. ;Koperasi dalam sektor riil memiliki banyak keunggulan sehingga dapat mengoptimalkan potensi keunggulan daerah. Mengacu pada data terakhir, belum tercatat ada koperasi yang didirikan di Kecamatan Sindangresmi ;Meski sebatas sistem pendukung, kehadiran ATM dan agen bank cukup berarti dalam meningkatkan perputaran uang di suatu wilayah Data terahir menunjukkan bahwa sudah dapat ditemui sebanyak 9 unit pendukung tersebut untuk agen bank di Kecamatan Sindangresmi. ;Pasar merupakan sarana perdagangan yang perlu dicermati keberadaannya pada suatu daerah. Berdasarkan data tahun 2024,  tercatat sebanyak 3 jenis infrastruktur perdagangan di Kecamatan Sindangresmi, yaitu ;Banks are financial intermediaries that play a role in collecting funds from the public and channeling them in accordance with applicable regulations. The presence of banks in a region encourages the formation of real-sector investments that ultimately lead to the creation of economic value added.  Unfortunately, the presence of this financial institution has not been observed throughout village for Sindangresmi District until the year 2024. ;Cooperatives in the real sector have numerous advantages, allowing them to harness the potential advantages of the region optimally.  Referring to the latest data, no cooperatives have been established in the Sindangresmi District.;Even as support systems, the presence of ATM and bank agent is significant in enhancing the circulation of money in a region. The latest data shows that  there are  9 unit of supporting facilities which is agen bank can be found in Sindangresmi District.;Markets are trading facilities whose existence needs to be noted in a particular area. Based on data from the year 2024,   there are 3 types of trading infrastructure recorded in the Sindangresmi District, which are ;–;–;–;–;–;–;–;–;–;–;–;–;–
80;Picung;9;Desa;Village;Ciherang;Kolelet;Cililitan;Kadupandak;Bungurcopong;Pasirsedang;Pasirpanjang;Kadubera;Ganggaeng;;;;;;;PICUNG;D:\KCDA\2025\080\Bab7.PNG;D:\KCDA\2025\080\G071.png;D:\KCDA\2025\080\G072.png;D:\KCDA\2025\080\G073.png;Bank merupakan jasa perantara keuangan yang berperan mengumpulkan dana masyarakat dan menyalurkannya sesuai ketentuan yang berlaku. Kehadiran bank di suatu wilayah mendorong pembentukan investasi sektor riil yang akan berujung pada penciptaan nilai tambah ekonomi.  Sampai dengan tahun 2024, sudah dapat dijumpai sejumlah 2 unit bank, untuk jenis  dan bank umum pemerintah. ;Koperasi dalam sektor riil memiliki banyak keunggulan sehingga dapat mengoptimalkan potensi keunggulan daerah. Mengacu pada data terakhir, jumlah koperasi yang ada di Kecamatan Picung adalah 10 unit, yaitu koperasi simpan pinjam. ;Meski sebatas sistem pendukung, kehadiran ATM dan agen bank cukup berarti dalam meningkatkan perputaran uang di suatu wilayah Data terahir menunjukkan bahwa sudah dapat ditemui sebanyak 29 unit pendukung tersebut untuk ATM,  dan agen bank di Kecamatan Picung. ;Pasar merupakan sarana perdagangan yang perlu dicermati keberadaannya pada suatu daerah. Berdasarkan data tahun 2024,  tercatat sebanyak 21 jenis infrastruktur perdagangan di Kecamatan Picung, yaitu , pasar dengan bangunan permanen, pasar tanpa bangunan, minimarket/swalayan/supermarket, restoran;Banks are financial intermediaries that play a role in collecting funds from the public and channeling them in accordance with applicable regulations. The presence of banks in a region encourages the formation of real-sector investments that ultimately lead to the creation of economic value added.  Until the year 2024, there is found 2 bank unit, which is  and government owned commercial bank. ;Cooperatives in the real sector have numerous advantages, allowing them to harness the potential advantages of the region optimally.  Referring to the latest data, the number of cooperatives in the Picung District is 10 units, which is savings and loan cooperatives. ;Even as support systems, the presence of ATM and bank agent is significant in enhancing the circulation of money in a region. The latest data shows that  there are  29 unit of supporting facilities which is ATM,  dan agen bank can be found in Picung District.;Markets are trading facilities whose existence needs to be noted in a particular area. Based on data from the year 2024,   there are 21 types of trading infrastructure recorded in the Picung District, which are , market with permanent buildings, buildingless market, minimarket/supermarket, restaurant;1;–;–;–;–;3;1;1;2;–;1;2;1
90;Bojong;8;Desa;Village;Geredug;Mekarsari;Cijakan;Citumenggung;Cahayamekar;Bojong;Banyumas;Manggungjaya;;;;;;;;BOJONG;D:\KCDA\2025\090\Bab7.PNG;D:\KCDA\2025\090\G071.png;D:\KCDA\2025\090\G072.png;D:\KCDA\2025\090\G073.png;Bank merupakan jasa perantara keuangan yang berperan mengumpulkan dana masyarakat dan menyalurkannya sesuai ketentuan yang berlaku. Kehadiran bank di suatu wilayah mendorong pembentukan investasi sektor riil yang akan berujung pada penciptaan nilai tambah ekonomi.  Sampai dengan tahun 2024, sudah dapat dijumpai sejumlah 1 unit bank, untuk jenis  dan bank umum pemerintah. ;Koperasi dalam sektor riil memiliki banyak keunggulan sehingga dapat mengoptimalkan potensi keunggulan daerah. Mengacu pada data terakhir, jumlah koperasi yang ada di Kecamatan Bojong adalah 2 unit, yaitu koperasi simpan pinjam. ;Meski sebatas sistem pendukung, kehadiran ATM dan agen bank cukup berarti dalam meningkatkan perputaran uang di suatu wilayah Data terahir menunjukkan bahwa sudah dapat ditemui sebanyak 13 unit pendukung tersebut untuk ATM,  dan agen bank di Kecamatan Bojong. ;Pasar merupakan sarana perdagangan yang perlu dicermati keberadaannya pada suatu daerah. Berdasarkan data tahun 2024,  tercatat sebanyak 10 jenis infrastruktur perdagangan di Kecamatan Bojong, yaitu , pasar dengan bangunan semi permanen, minimarket/swalayan/supermarket;Banks are financial intermediaries that play a role in collecting funds from the public and channeling them in accordance with applicable regulations. The presence of banks in a region encourages the formation of real-sector investments that ultimately lead to the creation of economic value added.  Until the year 2024, there is found 1 bank unit, which is  and government owned commercial bank. ;Cooperatives in the real sector have numerous advantages, allowing them to harness the potential advantages of the region optimally.  Referring to the latest data, the number of cooperatives in the Bojong District is 2 units, which is savings and loan cooperatives. ;Even as support systems, the presence of ATM and bank agent is significant in enhancing the circulation of money in a region. The latest data shows that  there are  13 unit of supporting facilities which is ATM,  dan agen bank can be found in Bojong District.;Markets are trading facilities whose existence needs to be noted in a particular area. Based on data from the year 2024,   there are 10 types of trading infrastructure recorded in the Bojong District, which are , market with semi-permanent buildings, minimarket/supermarket;–;–;–;1;–;–;–;1;2;1;–;2;–
100;Saketi;14;Desa;Village;Sukalangu;Langensari;Majau;Medalsari;Sodong;Mekarwangi;Ciandur;Saketi;Kadudampit;Girijaya;Wanagiri;Parigi;Talagasari;Sindanghayu;;SAKETI;D:\KCDA\2025\100\Bab7.PNG;D:\KCDA\2025\100\G071.png;D:\KCDA\2025\100\G072.png;D:\KCDA\2025\100\G073.png;Bank merupakan jasa perantara keuangan yang berperan mengumpulkan dana masyarakat dan menyalurkannya sesuai ketentuan yang berlaku. Kehadiran bank di suatu wilayah mendorong pembentukan investasi sektor riil yang akan berujung pada penciptaan nilai tambah ekonomi.  Sampai dengan tahun 2024, sudah dapat dijumpai sejumlah 3 unit bank, untuk jenis bank umum pemerintah,  dan bank perkreditan rakyat. ;Koperasi dalam sektor riil memiliki banyak keunggulan sehingga dapat mengoptimalkan potensi keunggulan daerah. Mengacu pada data terakhir, belum tercatat ada koperasi yang didirikan di Kecamatan Saketi ;Meski sebatas sistem pendukung, kehadiran ATM dan agen bank cukup berarti dalam meningkatkan perputaran uang di suatu wilayah Data terahir menunjukkan bahwa sudah dapat ditemui sebanyak 5 unit pendukung tersebut untuk ATM,  dan agen bank di Kecamatan Saketi. ;Pasar merupakan sarana perdagangan yang perlu dicermati keberadaannya pada suatu daerah. Berdasarkan data tahun 2024,  tercatat sebanyak 28 jenis infrastruktur perdagangan di Kecamatan Saketi, yaitu , pasar dengan bangunan permanen, pasar dengan bangunan semi permanen, pasar tanpa bangunan, minimarket/swalayan/supermarket, restoran;Banks are financial intermediaries that play a role in collecting funds from the public and channeling them in accordance with applicable regulations. The presence of banks in a region encourages the formation of real-sector investments that ultimately lead to the creation of economic value added.  Until the year 2024, there are found 3 bank units, which are government owned commercial bank,  and rural banks. ;Cooperatives in the real sector have numerous advantages, allowing them to harness the potential advantages of the region optimally.  Referring to the latest data, no cooperatives have been established in the Saketi District.;Even as support systems, the presence of ATM and bank agent is significant in enhancing the circulation of money in a region. The latest data shows that  there are  5 unit of supporting facilities which is ATM,  dan agen bank can be found in Saketi District.;Markets are trading facilities whose existence needs to be noted in a particular area. Based on data from the year 2024,   there are 28 types of trading infrastructure recorded in the Saketi District, which are , market with permanent buildings, market with semi-permanent buildings, buildingless market, minimarket/supermarket, restaurant;1;–;1;–;–;–;–;3;3;2;2;3;4
101;Cisata;9;Desa;Village;Kondangjaya;Kubangkondang;Cisereh;Cibarani;Rawasari;Pasireurih;Kaduronyok;Ciherangjaya;Palembang;;;;;;;CISATA;D:\KCDA\2025\101\Bab7.PNG;D:\KCDA\2025\101\G071.png;D:\KCDA\2025\101\G072.png;D:\KCDA\2025\101\G073.png;Bank merupakan jasa perantara keuangan yang berperan mengumpulkan dana masyarakat dan menyalurkannya sesuai ketentuan yang berlaku. Kehadiran bank di suatu wilayah mendorong pembentukan investasi sektor riil yang akan berujung pada penciptaan nilai tambah ekonomi.  Sangat disayangkan, keberadaan lembaga keuangan ini belum terlihat di seluruh desa untuk Kecamatan Cisata sampai dengan tahun 2024. ;Koperasi dalam sektor riil memiliki banyak keunggulan sehingga dapat mengoptimalkan potensi keunggulan daerah. Mengacu pada data terakhir, jumlah koperasi yang ada di Kecamatan Cisata adalah 4 unit, yaitu ;Meski sebatas sistem pendukung, kehadiran ATM dan agen bank cukup berarti dalam meningkatkan perputaran uang di suatu wilayah Data terahir menunjukkan bahwa sudah dapat ditemui sebanyak 6 unit pendukung tersebut untuk ATM,  dan agen bank di Kecamatan Cisata. ;Pasar merupakan sarana perdagangan yang perlu dicermati keberadaannya pada suatu daerah. Berdasarkan data tahun 2024,  tercatat sebanyak 3 jenis infrastruktur perdagangan di Kecamatan Cisata, yaitu ;Banks are financial intermediaries that play a role in collecting funds from the public and channeling them in accordance with applicable regulations. The presence of banks in a region encourages the formation of real-sector investments that ultimately lead to the creation of economic value added.  Unfortunately, the presence of this financial institution has not been observed throughout village for Cisata District until the year 2024. ;Cooperatives in the real sector have numerous advantages, allowing them to harness the potential advantages of the region optimally.  Referring to the latest data, the number of cooperatives in the Cisata District is 4 units, which is ;Even as support systems, the presence of ATM and bank agent is significant in enhancing the circulation of money in a region. The latest data shows that  there are  6 unit of supporting facilities which is ATM,  dan agen bank can be found in Cisata District.;Markets are trading facilities whose existence needs to be noted in a particular area. Based on data from the year 2024,   there are 3 types of trading infrastructure recorded in the Cisata District, which are ;–;–;–;–;–;–;3;–;–;–;–;–;1
110;Pagelaran;13;Desa;Village;Tegalpapak;Margagiri;Bama;Pagelaran;Sukadame;Bulagor;Surakarta;Harapankarya;Montor;Kartasana;Senangsari;Sindanglaya;Margasana;;;PAGELARAN;D:\KCDA\2025\110\Bab7.PNG;D:\KCDA\2025\110\G071.png;D:\KCDA\2025\110\G072.png;D:\KCDA\2025\110\G073.png;Bank merupakan jasa perantara keuangan yang berperan mengumpulkan dana masyarakat dan menyalurkannya sesuai ketentuan yang berlaku. Kehadiran bank di suatu wilayah mendorong pembentukan investasi sektor riil yang akan berujung pada penciptaan nilai tambah ekonomi.  Sangat disayangkan, keberadaan lembaga keuangan ini belum terlihat di seluruh desa untuk Kecamatan Pagelaran sampai dengan tahun 2024. ;Koperasi dalam sektor riil memiliki banyak keunggulan sehingga dapat mengoptimalkan potensi keunggulan daerah. Mengacu pada data terakhir, jumlah koperasi yang ada di Kecamatan Pagelaran adalah 6 unit, yaitu koperasi simpan pinjam. ;Meski sebatas sistem pendukung, kehadiran ATM dan agen bank cukup berarti dalam meningkatkan perputaran uang di suatu wilayah Data terahir menunjukkan bahwa sudah dapat ditemui sebanyak 14 unit pendukung tersebut untuk agen bank di Kecamatan Pagelaran. ;Pasar merupakan sarana perdagangan yang perlu dicermati keberadaannya pada suatu daerah. Berdasarkan data tahun 2024,  tercatat sebanyak 10 jenis infrastruktur perdagangan di Kecamatan Pagelaran, yaitu , pasar dengan bangunan semi permanen, minimarket/swalayan/supermarket;Banks are financial intermediaries that play a role in collecting funds from the public and channeling them in accordance with applicable regulations. The presence of banks in a region encourages the formation of real-sector investments that ultimately lead to the creation of economic value added.  Unfortunately, the presence of this financial institution has not been observed throughout village for Pagelaran District until the year 2024. ;Cooperatives in the real sector have numerous advantages, allowing them to harness the potential advantages of the region optimally.  Referring to the latest data, the number of cooperatives in the Pagelaran District is 6 units, which is savings and loan cooperatives. ;Even as support systems, the presence of ATM and bank agent is significant in enhancing the circulation of money in a region. The latest data shows that  there are  14 unit of supporting facilities which is agen bank can be found in Pagelaran District.;Markets are trading facilities whose existence needs to be noted in a particular area. Based on data from the year 2024,   there are 10 types of trading infrastructure recorded in the Pagelaran District, which are , market with semi-permanent buildings, minimarket/supermarket;–;–;–;–;–;2;–;3;–;1;–;5;–
111;Patia;10;Desa;Village;Turus;Pasirgadung;Patia;Babakankeusik;Cimoyan;Idaman;Ciawi;Surianeun;Rahayu;Simpangtiga;;;;;;PATIA;D:\KCDA\2025\111\Bab7.PNG;D:\KCDA\2025\111\G071.png;D:\KCDA\2025\111\G072.png;D:\KCDA\2025\111\G073.png;Bank merupakan jasa perantara keuangan yang berperan mengumpulkan dana masyarakat dan menyalurkannya sesuai ketentuan yang berlaku. Kehadiran bank di suatu wilayah mendorong pembentukan investasi sektor riil yang akan berujung pada penciptaan nilai tambah ekonomi.  Sampai dengan tahun 2024, sudah dapat dijumpai sejumlah 1 unit bank, untuk jenis  dan bank umum pemerintah. ;Koperasi dalam sektor riil memiliki banyak keunggulan sehingga dapat mengoptimalkan potensi keunggulan daerah. Mengacu pada data terakhir, belum tercatat ada koperasi yang didirikan di Kecamatan Patia ;Meski sebatas sistem pendukung, kehadiran ATM dan agen bank cukup berarti dalam meningkatkan perputaran uang di suatu wilayah Data terahir menunjukkan bahwa sudah dapat ditemui sebanyak 15 unit pendukung tersebut untuk agen bank di Kecamatan Patia. ;Pasar merupakan sarana perdagangan yang perlu dicermati keberadaannya pada suatu daerah. Berdasarkan data tahun 2024,  tercatat sebanyak 1 jenis infrastruktur perdagangan di Kecamatan Patia, yaitu SPBU;Banks are financial intermediaries that play a role in collecting funds from the public and channeling them in accordance with applicable regulations. The presence of banks in a region encourages the formation of real-sector investments that ultimately lead to the creation of economic value added.  Until the year 2024, there is found 1 bank unit, which is  and government owned commercial bank. ;Cooperatives in the real sector have numerous advantages, allowing them to harness the potential advantages of the region optimally.  Referring to the latest data, no cooperatives have been established in the Patia District.;Even as support systems, the presence of ATM and bank agent is significant in enhancing the circulation of money in a region. The latest data shows that  there are  15 unit of supporting facilities which is agen bank can be found in Patia District.;Markets are trading facilities whose existence needs to be noted in a particular area. Based on data from the year 2024,   there is 1 types of trading infrastructure recorded in the Patia District, which is gas station;–;–;–;–;–;–;–;–;–;–;–;–;–
112;Sukaresmi;10;Desa;Village;Seuseupan;Karyasari;Pasirkadu;Perdana;Sukaresmi;Kubangkampil;Sidamukti;Cibungur;Weru;Cikuya;;;;;;SUKARESMI;D:\KCDA\2025\112\Bab7.PNG;D:\KCDA\2025\112\G071.png;D:\KCDA\2025\112\G072.png;D:\KCDA\2025\112\G073.png;Bank merupakan jasa perantara keuangan yang berperan mengumpulkan dana masyarakat dan menyalurkannya sesuai ketentuan yang berlaku. Kehadiran bank di suatu wilayah mendorong pembentukan investasi sektor riil yang akan berujung pada penciptaan nilai tambah ekonomi.  Sampai dengan tahun 2024, sudah dapat dijumpai sejumlah 1 unit bank, untuk jenis  dan bank perkreditan rakyat. ;Koperasi dalam sektor riil memiliki banyak keunggulan sehingga dapat mengoptimalkan potensi keunggulan daerah. Mengacu pada data terakhir, jumlah koperasi yang ada di Kecamatan Sukaresmi adalah 6 unit, yaitu koperasi unit desa,  dan koperasi simpan pinjam. ;Meski sebatas sistem pendukung, kehadiran ATM dan agen bank cukup berarti dalam meningkatkan perputaran uang di suatu wilayah Data terahir menunjukkan bahwa sudah dapat ditemui sebanyak 15 unit pendukung tersebut untuk agen bank di Kecamatan Sukaresmi. ;Pasar merupakan sarana perdagangan yang perlu dicermati keberadaannya pada suatu daerah. Berdasarkan data tahun 2024,  tercatat sebanyak 15 jenis infrastruktur perdagangan di Kecamatan Sukaresmi, yaitu , pasar dengan bangunan semi permanen, minimarket/swalayan/supermarket, restoran;Banks are financial intermediaries that play a role in collecting funds from the public and channeling them in accordance with applicable regulations. The presence of banks in a region encourages the formation of real-sector investments that ultimately lead to the creation of economic value added.  Until the year 2024, there is found 1 bank unit, which is  and rural banks. ;Cooperatives in the real sector have numerous advantages, allowing them to harness the potential advantages of the region optimally.  Referring to the latest data, the number of cooperatives in the Sukaresmi District is 6 units, which is village cooperatives,  dan savings and loan cooperatives. ;Even as support systems, the presence of ATM and bank agent is significant in enhancing the circulation of money in a region. The latest data shows that  there are  15 unit of supporting facilities which is agen bank can be found in Sukaresmi District.;Markets are trading facilities whose existence needs to be noted in a particular area. Based on data from the year 2024,   there are 15 types of trading infrastructure recorded in the Sukaresmi District, which are , market with semi-permanent buildings, minimarket/supermarket, restaurant;–;–;1;1;–;1;1;1;–;1;–;2;2
120;Labuan;9;Desa;Village;Cigondang;Sukamaju;Rancateureup;Kalanganyar;Labuan;Teluk;Banyumekar;Banyubiru;Caringin;;;;;;;LABUAN;D:\KCDA\2025\120\Bab7.PNG;D:\KCDA\2025\120\G071.png;D:\KCDA\2025\120\G072.png;D:\KCDA\2025\120\G073.png;Bank merupakan jasa perantara keuangan yang berperan mengumpulkan dana masyarakat dan menyalurkannya sesuai ketentuan yang berlaku. Kehadiran bank di suatu wilayah mendorong pembentukan investasi sektor riil yang akan berujung pada penciptaan nilai tambah ekonomi.  Sampai dengan tahun 2024, sudah dapat dijumpai sejumlah 10 unit bank, untuk jenis bank umum pemerintah, bank umum swasta,  dan bank perkreditan rakyat. ;Koperasi dalam sektor riil memiliki banyak keunggulan sehingga dapat mengoptimalkan potensi keunggulan daerah. Mengacu pada data terakhir, jumlah koperasi yang ada di Kecamatan Labuan adalah 5 unit, yaitu koperasi unit desa, koperasi industri kecil dan kerajinan rakyat,  dan koperasi simpan pinjam. ;Meski sebatas sistem pendukung, kehadiran ATM dan agen bank cukup berarti dalam meningkatkan perputaran uang di suatu wilayah Data terahir menunjukkan bahwa sudah dapat ditemui sebanyak 25 unit pendukung tersebut untuk ATM,  dan agen bank di Kecamatan Labuan. ;Pasar merupakan sarana perdagangan yang perlu dicermati keberadaannya pada suatu daerah. Berdasarkan data tahun 2024,  tercatat sebanyak 28 jenis infrastruktur perdagangan di Kecamatan Labuan, yaitu , pasar dengan bangunan permanen, pasar dengan bangunan semi permanen, pasar tanpa bangunan, minimarket/swalayan/supermarket, restoran;Banks are financial intermediaries that play a role in collecting funds from the public and channeling them in accordance with applicable regulations. The presence of banks in a region encourages the formation of real-sector investments that ultimately lead to the creation of economic value added.  Until the year 2024, there are found 10 bank units, which are government owned commercial bank, private commercial bank,  and rural banks. ;Cooperatives in the real sector have numerous advantages, allowing them to harness the potential advantages of the region optimally.  Referring to the latest data, the number of cooperatives in the Labuan District is 5 units, which is village cooperatives, small industry and handicraft cooperatives,  dan savings and loan cooperatives. ;Even as support systems, the presence of ATM and bank agent is significant in enhancing the circulation of money in a region. The latest data shows that  there are  25 unit of supporting facilities which is ATM,  dan agen bank can be found in Labuan District.;Markets are trading facilities whose existence needs to be noted in a particular area. Based on data from the year 2024,   there are 28 types of trading infrastructure recorded in the Labuan District, which are , market with permanent buildings, market with semi-permanent buildings, buildingless market, minimarket/supermarket, restaurant;1;1;1;–;1;4;–;2;1;1;1;3;2
121;Carita;10;Desa;Village;Pejamben;Banjarmasin;Tembong;Sindanglaut;Carita;Sukajadi;Sukarame;Sukanagara;Kawoyang;Cinoyong;;;;;;CARITA;D:\KCDA\2025\121\Bab7.PNG;D:\KCDA\2025\121\G071.png;D:\KCDA\2025\121\G072.png;D:\KCDA\2025\121\G073.png;Bank merupakan jasa perantara keuangan yang berperan mengumpulkan dana masyarakat dan menyalurkannya sesuai ketentuan yang berlaku. Kehadiran bank di suatu wilayah mendorong pembentukan investasi sektor riil yang akan berujung pada penciptaan nilai tambah ekonomi.  Sangat disayangkan, keberadaan lembaga keuangan ini belum terlihat di seluruh desa untuk Kecamatan Carita sampai dengan tahun 2024. ;Koperasi dalam sektor riil memiliki banyak keunggulan sehingga dapat mengoptimalkan potensi keunggulan daerah. Mengacu pada data terakhir, jumlah koperasi yang ada di Kecamatan Carita adalah 2 unit, yaitu koperasi simpan pinjam. ;Meski sebatas sistem pendukung, kehadiran ATM dan agen bank cukup berarti dalam meningkatkan perputaran uang di suatu wilayah Data terahir menunjukkan bahwa sudah dapat ditemui sebanyak 14 unit pendukung tersebut untuk ATM,  dan agen bank di Kecamatan Carita. ;Pasar merupakan sarana perdagangan yang perlu dicermati keberadaannya pada suatu daerah. Berdasarkan data tahun 2024,  tercatat sebanyak 15 jenis infrastruktur perdagangan di Kecamatan Carita, yaitu , pasar dengan bangunan permanen, minimarket/swalayan/supermarket, restoran;Banks are financial intermediaries that play a role in collecting funds from the public and channeling them in accordance with applicable regulations. The presence of banks in a region encourages the formation of real-sector investments that ultimately lead to the creation of economic value added.  Unfortunately, the presence of this financial institution has not been observed throughout village for Carita District until the year 2024. ;Cooperatives in the real sector have numerous advantages, allowing them to harness the potential advantages of the region optimally.  Referring to the latest data, the number of cooperatives in the Carita District is 2 units, which is savings and loan cooperatives. ;Even as support systems, the presence of ATM and bank agent is significant in enhancing the circulation of money in a region. The latest data shows that  there are  14 unit of supporting facilities which is ATM,  dan agen bank can be found in Carita District.;Markets are trading facilities whose existence needs to be noted in a particular area. Based on data from the year 2024,   there are 15 types of trading infrastructure recorded in the Carita District, which are , market with permanent buildings, minimarket/supermarket, restaurant;–;–;–;–;–;4;–;1;1;–;–;3;6
130;Jiput;13;Desa;Village;Banyuresmi;Salapraya;Pamarayan;Sampangbitung;Jiput;Sukacai;Tenjolahang;Babadsari;Janaka;Sukamanah;Sikulan;Citaman;Jayamekar;;;JIPUT;D:\KCDA\2025\130\Bab7.PNG;D:\KCDA\2025\130\G071.png;D:\KCDA\2025\130\G072.png;D:\KCDA\2025\130\G073.png;Bank merupakan jasa perantara keuangan yang berperan mengumpulkan dana masyarakat dan menyalurkannya sesuai ketentuan yang berlaku. Kehadiran bank di suatu wilayah mendorong pembentukan investasi sektor riil yang akan berujung pada penciptaan nilai tambah ekonomi.  Sangat disayangkan, keberadaan lembaga keuangan ini belum terlihat di seluruh desa untuk Kecamatan Jiput sampai dengan tahun 2024. ;Koperasi dalam sektor riil memiliki banyak keunggulan sehingga dapat mengoptimalkan potensi keunggulan daerah. Mengacu pada data terakhir, jumlah koperasi yang ada di Kecamatan Jiput adalah 1 unit, yaitu koperasi simpan pinjam. ;Meski sebatas sistem pendukung, kehadiran ATM dan agen bank cukup berarti dalam meningkatkan perputaran uang di suatu wilayah Data terahir menunjukkan bahwa sudah dapat ditemui sebanyak 11 unit pendukung tersebut untuk ATM,  dan agen bank di Kecamatan Jiput. ;Pasar merupakan sarana perdagangan yang perlu dicermati keberadaannya pada suatu daerah. Berdasarkan data tahun 2024,  tercatat sebanyak 28 jenis infrastruktur perdagangan di Kecamatan Jiput, yaitu , pasar dengan bangunan permanen, pasar dengan bangunan semi permanen, pasar tanpa bangunan, minimarket/swalayan/supermarket, restoran;Banks are financial intermediaries that play a role in collecting funds from the public and channeling them in accordance with applicable regulations. The presence of banks in a region encourages the formation of real-sector investments that ultimately lead to the creation of economic value added.  Unfortunately, the presence of this financial institution has not been observed throughout village for Jiput District until the year 2024. ;Cooperatives in the real sector have numerous advantages, allowing them to harness the potential advantages of the region optimally.  Referring to the latest data, the number of cooperatives in the Jiput District is 1 unit, which is savings and loan cooperatives. ;Even as support systems, the presence of ATM and bank agent is significant in enhancing the circulation of money in a region. The latest data shows that  there are  11 unit of supporting facilities which is ATM,  dan agen bank can be found in Jiput District.;Markets are trading facilities whose existence needs to be noted in a particular area. Based on data from the year 2024,   there are 28 types of trading infrastructure recorded in the Jiput District, which are , market with permanent buildings, market with semi-permanent buildings, buildingless market, minimarket/supermarket, restaurant;–;–;–;–;–;1;–;1;1;1;1;1;5
131;Cikedal;10;Desa;Village;Karyautama;Tegal;Cipicung;Karyasari;Dahu;Babakanlor;Mekarjaya;Padahayu;Bangkuyung;Cening;;;;;;CIKEDAL;D:\KCDA\2025\131\Bab7.PNG;D:\KCDA\2025\131\G071.png;D:\KCDA\2025\131\G072.png;D:\KCDA\2025\131\G073.png;Bank merupakan jasa perantara keuangan yang berperan mengumpulkan dana masyarakat dan menyalurkannya sesuai ketentuan yang berlaku. Kehadiran bank di suatu wilayah mendorong pembentukan investasi sektor riil yang akan berujung pada penciptaan nilai tambah ekonomi.  Sangat disayangkan, keberadaan lembaga keuangan ini belum terlihat di seluruh desa untuk Kecamatan Cikedal sampai dengan tahun 2024. ;Koperasi dalam sektor riil memiliki banyak keunggulan sehingga dapat mengoptimalkan potensi keunggulan daerah. Mengacu pada data terakhir, jumlah koperasi yang ada di Kecamatan Cikedal adalah 7 unit, yaitu koperasi simpan pinjam. ;Meski sebatas sistem pendukung, kehadiran ATM dan agen bank cukup berarti dalam meningkatkan perputaran uang di suatu wilayah Data terahir menunjukkan bahwa sudah dapat ditemui sebanyak 18 unit pendukung tersebut untuk ATM,  dan agen bank di Kecamatan Cikedal. ;Pasar merupakan sarana perdagangan yang perlu dicermati keberadaannya pada suatu daerah. Berdasarkan data tahun 2024,  tercatat sebanyak 3 jenis infrastruktur perdagangan di Kecamatan Cikedal, yaitu ;Banks are financial intermediaries that play a role in collecting funds from the public and channeling them in accordance with applicable regulations. The presence of banks in a region encourages the formation of real-sector investments that ultimately lead to the creation of economic value added.  Unfortunately, the presence of this financial institution has not been observed throughout village for Cikedal District until the year 2024. ;Cooperatives in the real sector have numerous advantages, allowing them to harness the potential advantages of the region optimally.  Referring to the latest data, the number of cooperatives in the Cikedal District is 7 units, which is savings and loan cooperatives. ;Even as support systems, the presence of ATM and bank agent is significant in enhancing the circulation of money in a region. The latest data shows that  there are  18 unit of supporting facilities which is ATM,  dan agen bank can be found in Cikedal District.;Markets are trading facilities whose existence needs to be noted in a particular area. Based on data from the year 2024,   there are 3 types of trading infrastructure recorded in the Cikedal District, which are ;–;–;–;–;–;5;2;2;–;–;–;3;4
140;Menes;12;Desa;Village;Alaswangi;Tegalwangi;Menes;Kananga;Cilabanbulan;Sindangkarya;Cigandeng;Purwaraja;Muruy;Kadupayung;Sukamanah;Ramaya;;;;MENES;D:\KCDA\2025\140\Bab7.PNG;D:\KCDA\2025\140\G071.png;D:\KCDA\2025\140\G072.png;D:\KCDA\2025\140\G073.png;Bank merupakan jasa perantara keuangan yang berperan mengumpulkan dana masyarakat dan menyalurkannya sesuai ketentuan yang berlaku. Kehadiran bank di suatu wilayah mendorong pembentukan investasi sektor riil yang akan berujung pada penciptaan nilai tambah ekonomi.  Sampai dengan tahun 2024, sudah dapat dijumpai sejumlah 7 unit bank, untuk jenis bank umum pemerintah,  dan bank perkreditan rakyat. ;Koperasi dalam sektor riil memiliki banyak keunggulan sehingga dapat mengoptimalkan potensi keunggulan daerah. Mengacu pada data terakhir, jumlah koperasi yang ada di Kecamatan Menes adalah 4 unit, yaitu koperasi simpan pinjam. ;Meski sebatas sistem pendukung, kehadiran ATM dan agen bank cukup berarti dalam meningkatkan perputaran uang di suatu wilayah Data terahir menunjukkan bahwa sudah dapat ditemui sebanyak 15 unit pendukung tersebut untuk ATM,  dan agen bank di Kecamatan Menes. ;Pasar merupakan sarana perdagangan yang perlu dicermati keberadaannya pada suatu daerah. Berdasarkan data tahun 2024,  tercatat sebanyak 28 jenis infrastruktur perdagangan di Kecamatan Menes, yaitu , pasar dengan bangunan permanen, pasar dengan bangunan semi permanen, pasar tanpa bangunan, minimarket/swalayan/supermarket, restoran;Banks are financial intermediaries that play a role in collecting funds from the public and channeling them in accordance with applicable regulations. The presence of banks in a region encourages the formation of real-sector investments that ultimately lead to the creation of economic value added.  Until the year 2024, there are found 7 bank units, which are government owned commercial bank,  and rural banks. ;Cooperatives in the real sector have numerous advantages, allowing them to harness the potential advantages of the region optimally.  Referring to the latest data, the number of cooperatives in the Menes District is 4 units, which is savings and loan cooperatives. ;Even as support systems, the presence of ATM and bank agent is significant in enhancing the circulation of money in a region. The latest data shows that  there are  15 unit of supporting facilities which is ATM,  dan agen bank can be found in Menes District.;Markets are trading facilities whose existence needs to be noted in a particular area. Based on data from the year 2024,   there are 28 types of trading infrastructure recorded in the Menes District, which are , market with permanent buildings, market with semi-permanent buildings, buildingless market, minimarket/supermarket, restaurant;2;–;1;–;–;4;11;2;2;2;2;3;4
141;Pulosari;9;Desa;Village;Banjarnegara;Kaduhejo;Koranji;Sanghiangdengdek;Cilentung;Karyawangi;Banjarwangi;Sukasari;Sukaraja;;;;;;;PULOSARI;D:\KCDA\2025\141\Bab7.PNG;D:\KCDA\2025\141\G071.png;D:\KCDA\2025\141\G072.png;D:\KCDA\2025\141\G073.png;Bank merupakan jasa perantara keuangan yang berperan mengumpulkan dana masyarakat dan menyalurkannya sesuai ketentuan yang berlaku. Kehadiran bank di suatu wilayah mendorong pembentukan investasi sektor riil yang akan berujung pada penciptaan nilai tambah ekonomi.  Sangat disayangkan, keberadaan lembaga keuangan ini belum terlihat di seluruh desa untuk Kecamatan Pulosari sampai dengan tahun 2024. ;Koperasi dalam sektor riil memiliki banyak keunggulan sehingga dapat mengoptimalkan potensi keunggulan daerah. Mengacu pada data terakhir, jumlah koperasi yang ada di Kecamatan Pulosari adalah 2 unit, yaitu koperasi simpan pinjam. ;Meski sebatas sistem pendukung, kehadiran ATM dan agen bank cukup berarti dalam meningkatkan perputaran uang di suatu wilayah Data terahir menunjukkan bahwa sudah dapat ditemui sebanyak 14 unit pendukung tersebut untuk ATM,  dan agen bank di Kecamatan Pulosari. ;Pasar merupakan sarana perdagangan yang perlu dicermati keberadaannya pada suatu daerah. Berdasarkan data tahun 2024,  tercatat sebanyak 6 jenis infrastruktur perdagangan di Kecamatan Pulosari, yaitu , restoran;Banks are financial intermediaries that play a role in collecting funds from the public and channeling them in accordance with applicable regulations. The presence of banks in a region encourages the formation of real-sector investments that ultimately lead to the creation of economic value added.  Unfortunately, the presence of this financial institution has not been observed throughout village for Pulosari District until the year 2024. ;Cooperatives in the real sector have numerous advantages, allowing them to harness the potential advantages of the region optimally.  Referring to the latest data, the number of cooperatives in the Pulosari District is 2 units, which is savings and loan cooperatives. ;Even as support systems, the presence of ATM and bank agent is significant in enhancing the circulation of money in a region. The latest data shows that  there are  14 unit of supporting facilities which is ATM,  dan agen bank can be found in Pulosari District.;Markets are trading facilities whose existence needs to be noted in a particular area. Based on data from the year 2024,   there are 6 types of trading infrastructure recorded in the Pulosari District, which are , restaurant;–;–;–;–;–;1;1;–;–;–;–;1;1
150;Mandalawangi;15;Desa;Village;Pandat;Cikoneng;Giripawana;Nembol;Gunungsari;Kurungkambing;Mandalasari;Mandalawangi;Pari;Sinarjaya;Sirnagalih;Curuglemo;Panjangjaya;Cikumbueun;Ramea;MANDALAWANGI;D:\KCDA\2025\150\Bab7.PNG;D:\KCDA\2025\150\G071.png;D:\KCDA\2025\150\G072.png;D:\KCDA\2025\150\G073.png;Bank merupakan jasa perantara keuangan yang berperan mengumpulkan dana masyarakat dan menyalurkannya sesuai ketentuan yang berlaku. Kehadiran bank di suatu wilayah mendorong pembentukan investasi sektor riil yang akan berujung pada penciptaan nilai tambah ekonomi.  Sampai dengan tahun 2024, sudah dapat dijumpai sejumlah 1 unit bank, untuk jenis  dan bank umum pemerintah. ;Koperasi dalam sektor riil memiliki banyak keunggulan sehingga dapat mengoptimalkan potensi keunggulan daerah. Mengacu pada data terakhir, jumlah koperasi yang ada di Kecamatan Mandalawangi adalah 6 unit, yaitu koperasi simpan pinjam. ;Meski sebatas sistem pendukung, kehadiran ATM dan agen bank cukup berarti dalam meningkatkan perputaran uang di suatu wilayah Data terahir menunjukkan bahwa sudah dapat ditemui sebanyak 23 unit pendukung tersebut untuk ATM,  dan agen bank di Kecamatan Mandalawangi. ;Pasar merupakan sarana perdagangan yang perlu dicermati keberadaannya pada suatu daerah. Berdasarkan data tahun 2024,  tercatat sebanyak 15 jenis infrastruktur perdagangan di Kecamatan Mandalawangi, yaitu , pasar dengan bangunan permanen, minimarket/swalayan/supermarket, restoran;Banks are financial intermediaries that play a role in collecting funds from the public and channeling them in accordance with applicable regulations. The presence of banks in a region encourages the formation of real-sector investments that ultimately lead to the creation of economic value added.  Until the year 2024, there is found 1 bank unit, which is  and government owned commercial bank. ;Cooperatives in the real sector have numerous advantages, allowing them to harness the potential advantages of the region optimally.  Referring to the latest data, the number of cooperatives in the Mandalawangi District is 6 units, which is savings and loan cooperatives. ;Even as support systems, the presence of ATM and bank agent is significant in enhancing the circulation of money in a region. The latest data shows that  there are  23 unit of supporting facilities which is ATM,  dan agen bank can be found in Mandalawangi District.;Markets are trading facilities whose existence needs to be noted in a particular area. Based on data from the year 2024,   there are 15 types of trading infrastructure recorded in the Mandalawangi District, which are , market with permanent buildings, minimarket/supermarket, restaurant;–;–;–;2;1;3;1;5;1;–;–;4;5
160;Cimanuk;11;Desa;Village;Kadudodol;Gunungdatar;Gunungcupu;Sekong;Cimanuk;Batubantar;Rocek;Kadumadang;Dalembalar;Kupahandap;Kadubungbang;;;;;CIMANUK;D:\KCDA\2025\160\Bab7.PNG;D:\KCDA\2025\160\G071.png;D:\KCDA\2025\160\G072.png;D:\KCDA\2025\160\G073.png;Bank merupakan jasa perantara keuangan yang berperan mengumpulkan dana masyarakat dan menyalurkannya sesuai ketentuan yang berlaku. Kehadiran bank di suatu wilayah mendorong pembentukan investasi sektor riil yang akan berujung pada penciptaan nilai tambah ekonomi.  Sampai dengan tahun 2024, sudah dapat dijumpai sejumlah 1 unit bank, untuk jenis  dan bank umum pemerintah. ;Koperasi dalam sektor riil memiliki banyak keunggulan sehingga dapat mengoptimalkan potensi keunggulan daerah. Mengacu pada data terakhir, jumlah koperasi yang ada di Kecamatan Cimanuk adalah 6 unit, yaitu koperasi simpan pinjam. ;Meski sebatas sistem pendukung, kehadiran ATM dan agen bank cukup berarti dalam meningkatkan perputaran uang di suatu wilayah Data terahir menunjukkan bahwa sudah dapat ditemui sebanyak 23 unit pendukung tersebut untuk ATM,  dan agen bank di Kecamatan Cimanuk. ;Pasar merupakan sarana perdagangan yang perlu dicermati keberadaannya pada suatu daerah. Berdasarkan data tahun 2024,  tercatat sebanyak 28 jenis infrastruktur perdagangan di Kecamatan Cimanuk, yaitu , pasar dengan bangunan permanen, pasar dengan bangunan semi permanen, pasar tanpa bangunan, minimarket/swalayan/supermarket, restoran;Banks are financial intermediaries that play a role in collecting funds from the public and channeling them in accordance with applicable regulations. The presence of banks in a region encourages the formation of real-sector investments that ultimately lead to the creation of economic value added.  Until the year 2024, there is found 1 bank unit, which is  and government owned commercial bank. ;Cooperatives in the real sector have numerous advantages, allowing them to harness the potential advantages of the region optimally.  Referring to the latest data, the number of cooperatives in the Cimanuk District is 6 units, which is savings and loan cooperatives. ;Even as support systems, the presence of ATM and bank agent is significant in enhancing the circulation of money in a region. The latest data shows that  there are  23 unit of supporting facilities which is ATM,  dan agen bank can be found in Cimanuk District.;Markets are trading facilities whose existence needs to be noted in a particular area. Based on data from the year 2024,   there are 28 types of trading infrastructure recorded in the Cimanuk District, which are , market with permanent buildings, market with semi-permanent buildings, buildingless market, minimarket/supermarket, restaurant;1;–;–;–;–;1;1;2;1;3;1;6;2
161;Cipeucang;10;Desa;Village;Cikadueun;Koncang;Pasirmae;Parumasan;Kadugadung;Palanyar;Baturanjang;Kalanggunung;Curugbarang;Pasireurih;;;;;;CIPEUCANG;D:\KCDA\2025\161\Bab7.PNG;D:\KCDA\2025\161\G071.png;D:\KCDA\2025\161\G072.png;D:\KCDA\2025\161\G073.png;Bank merupakan jasa perantara keuangan yang berperan mengumpulkan dana masyarakat dan menyalurkannya sesuai ketentuan yang berlaku. Kehadiran bank di suatu wilayah mendorong pembentukan investasi sektor riil yang akan berujung pada penciptaan nilai tambah ekonomi.  Sangat disayangkan, keberadaan lembaga keuangan ini belum terlihat di seluruh desa untuk Kecamatan Cipeucang sampai dengan tahun 2024. ;Koperasi dalam sektor riil memiliki banyak keunggulan sehingga dapat mengoptimalkan potensi keunggulan daerah. Mengacu pada data terakhir, belum tercatat ada koperasi yang didirikan di Kecamatan Cipeucang ;Meski sebatas sistem pendukung, kehadiran ATM dan agen bank cukup berarti dalam meningkatkan perputaran uang di suatu wilayah Data terahir menunjukkan bahwa sudah dapat ditemui sebanyak 15 unit pendukung tersebut untuk ATM,  dan agen bank di Kecamatan Cipeucang. ;Pasar merupakan sarana perdagangan yang perlu dicermati keberadaannya pada suatu daerah. Berdasarkan data tahun 2024,  tercatat sebanyak 21 jenis infrastruktur perdagangan di Kecamatan Cipeucang, yaitu , pasar dengan bangunan semi permanen, pasar tanpa bangunan, minimarket/swalayan/supermarket, restoran;Banks are financial intermediaries that play a role in collecting funds from the public and channeling them in accordance with applicable regulations. The presence of banks in a region encourages the formation of real-sector investments that ultimately lead to the creation of economic value added.  Unfortunately, the presence of this financial institution has not been observed throughout village for Cipeucang District until the year 2024. ;Cooperatives in the real sector have numerous advantages, allowing them to harness the potential advantages of the region optimally.  Referring to the latest data, no cooperatives have been established in the Cipeucang District.;Even as support systems, the presence of ATM and bank agent is significant in enhancing the circulation of money in a region. The latest data shows that  there are  15 unit of supporting facilities which is ATM,  dan agen bank can be found in Cipeucang District.;Markets are trading facilities whose existence needs to be noted in a particular area. Based on data from the year 2024,   there are 21 types of trading infrastructure recorded in the Cipeucang District, which are , market with semi-permanent buildings, buildingless market, minimarket/supermarket, restaurant;–;–;–;–;–;–;1;1;1;2;1;2;1
170;Banjar;11;Desa;Village;Cibeureum;Cibodas;Kadulimus;Bandung;Kadumaneuh;Citalahab;Pasirawi;Mogana;Kadubale;Banjar;Gunungputri;;;;;BANJAR;D:\KCDA\2025\170\Bab7.PNG;D:\KCDA\2025\170\G071.png;D:\KCDA\2025\170\G072.png;D:\KCDA\2025\170\G073.png;Bank merupakan jasa perantara keuangan yang berperan mengumpulkan dana masyarakat dan menyalurkannya sesuai ketentuan yang berlaku. Kehadiran bank di suatu wilayah mendorong pembentukan investasi sektor riil yang akan berujung pada penciptaan nilai tambah ekonomi.  Sangat disayangkan, keberadaan lembaga keuangan ini belum terlihat di seluruh desa untuk Kecamatan Banjar sampai dengan tahun 2024. ;Koperasi dalam sektor riil memiliki banyak keunggulan sehingga dapat mengoptimalkan potensi keunggulan daerah. Mengacu pada data terakhir, belum tercatat ada koperasi yang didirikan di Kecamatan Banjar ;Meski sebatas sistem pendukung, kehadiran ATM dan agen bank cukup berarti dalam meningkatkan perputaran uang di suatu wilayah Data terahir menunjukkan bahwa sudah dapat ditemui sebanyak 16 unit pendukung tersebut untuk ATM,  dan agen bank di Kecamatan Banjar. ;Pasar merupakan sarana perdagangan yang perlu dicermati keberadaannya pada suatu daerah. Berdasarkan data tahun 2024,  tercatat sebanyak 21 jenis infrastruktur perdagangan di Kecamatan Banjar, yaitu , pasar dengan bangunan permanen, pasar dengan bangunan semi permanen, minimarket/swalayan/supermarket, restoran;Banks are financial intermediaries that play a role in collecting funds from the public and channeling them in accordance with applicable regulations. The presence of banks in a region encourages the formation of real-sector investments that ultimately lead to the creation of economic value added.  Unfortunately, the presence of this financial institution has not been observed throughout village for Banjar District until the year 2024. ;Cooperatives in the real sector have numerous advantages, allowing them to harness the potential advantages of the region optimally.  Referring to the latest data, no cooperatives have been established in the Banjar District.;Even as support systems, the presence of ATM and bank agent is significant in enhancing the circulation of money in a region. The latest data shows that  there are  16 unit of supporting facilities which is ATM,  dan agen bank can be found in Banjar District.;Markets are trading facilities whose existence needs to be noted in a particular area. Based on data from the year 2024,   there are 21 types of trading infrastructure recorded in the Banjar District, which are , market with permanent buildings, market with semi-permanent buildings, minimarket/supermarket, restaurant;–;–;–;–;–;1;8;1;1;1;–;2;3
171;Kaduhejo;10;Desa;Village;Banjarsari;Sukamanah;Palurahan;Kadugemblo;Sukasari;Mandalasari;Saninten;Bayumundu;Campaka;Ciputri;;;;;;KADUHEJO;D:\KCDA\2025\171\Bab7.PNG;D:\KCDA\2025\171\G071.png;D:\KCDA\2025\171\G072.png;D:\KCDA\2025\171\G073.png;Bank merupakan jasa perantara keuangan yang berperan mengumpulkan dana masyarakat dan menyalurkannya sesuai ketentuan yang berlaku. Kehadiran bank di suatu wilayah mendorong pembentukan investasi sektor riil yang akan berujung pada penciptaan nilai tambah ekonomi.  Sangat disayangkan, keberadaan lembaga keuangan ini belum terlihat di seluruh desa untuk Kecamatan Kaduhejo sampai dengan tahun 2024. ;Koperasi dalam sektor riil memiliki banyak keunggulan sehingga dapat mengoptimalkan potensi keunggulan daerah. Mengacu pada data terakhir, belum tercatat ada koperasi yang didirikan di Kecamatan Kaduhejo ;Meski sebatas sistem pendukung, kehadiran ATM dan agen bank cukup berarti dalam meningkatkan perputaran uang di suatu wilayah Data terahir menunjukkan bahwa sudah dapat ditemui sebanyak 24 unit pendukung tersebut untuk ATM,  dan agen bank di Kecamatan Kaduhejo. ;Pasar merupakan sarana perdagangan yang perlu dicermati keberadaannya pada suatu daerah. Berdasarkan data tahun 2024,  tercatat sebanyak 10 jenis infrastruktur perdagangan di Kecamatan Kaduhejo, yaitu , minimarket/swalayan/supermarket, restoran;Banks are financial intermediaries that play a role in collecting funds from the public and channeling them in accordance with applicable regulations. The presence of banks in a region encourages the formation of real-sector investments that ultimately lead to the creation of economic value added.  Unfortunately, the presence of this financial institution has not been observed throughout village for Kaduhejo District until the year 2024. ;Cooperatives in the real sector have numerous advantages, allowing them to harness the potential advantages of the region optimally.  Referring to the latest data, no cooperatives have been established in the Kaduhejo District.;Even as support systems, the presence of ATM and bank agent is significant in enhancing the circulation of money in a region. The latest data shows that  there are  24 unit of supporting facilities which is ATM,  dan agen bank can be found in Kaduhejo District.;Markets are trading facilities whose existence needs to be noted in a particular area. Based on data from the year 2024,   there are 10 types of trading infrastructure recorded in the Kaduhejo District, which are , minimarket/supermarket, restaurant;–;1;–;–;–;3;–;3;–;–;–;5;6
172;Mekarjaya;8;Desa;Village;Rancabugel;Wirasinga;Pareang;Kadubelang;Mekarjaya;Kadujangkung;Medong;Sukamulya;;;;;;;;MEKARJAYA;D:\KCDA\2025\172\Bab7.PNG;D:\KCDA\2025\172\G071.png;D:\KCDA\2025\172\G072.png;D:\KCDA\2025\172\G073.png;Bank merupakan jasa perantara keuangan yang berperan mengumpulkan dana masyarakat dan menyalurkannya sesuai ketentuan yang berlaku. Kehadiran bank di suatu wilayah mendorong pembentukan investasi sektor riil yang akan berujung pada penciptaan nilai tambah ekonomi.  Sangat disayangkan, keberadaan lembaga keuangan ini belum terlihat di seluruh desa untuk Kecamatan Mekarjaya sampai dengan tahun 2024. ;Koperasi dalam sektor riil memiliki banyak keunggulan sehingga dapat mengoptimalkan potensi keunggulan daerah. Mengacu pada data terakhir, jumlah koperasi yang ada di Kecamatan Mekarjaya adalah 1 unit, yaitu koperasi simpan pinjam. ;Meski sebatas sistem pendukung, kehadiran ATM dan agen bank cukup berarti dalam meningkatkan perputaran uang di suatu wilayah Data terahir menunjukkan bahwa sudah dapat ditemui sebanyak 14 unit pendukung tersebut untuk agen bank di Kecamatan Mekarjaya. ;Pasar merupakan sarana perdagangan yang perlu dicermati keberadaannya pada suatu daerah. Berdasarkan data tahun 2024,  tercatat sebanyak 6 jenis infrastruktur perdagangan di Kecamatan Mekarjaya, yaitu , pasar tanpa bangunan;Banks are financial intermediaries that play a role in collecting funds from the public and channeling them in accordance with applicable regulations. The presence of banks in a region encourages the formation of real-sector investments that ultimately lead to the creation of economic value added.  Unfortunately, the presence of this financial institution has not been observed throughout village for Mekarjaya District until the year 2024. ;Cooperatives in the real sector have numerous advantages, allowing them to harness the potential advantages of the region optimally.  Referring to the latest data, the number of cooperatives in the Mekarjaya District is 1 unit, which is savings and loan cooperatives. ;Even as support systems, the presence of ATM and bank agent is significant in enhancing the circulation of money in a region. The latest data shows that  there are  14 unit of supporting facilities which is agen bank can be found in Mekarjaya District.;Markets are trading facilities whose existence needs to be noted in a particular area. Based on data from the year 2024,   there are 6 types of trading infrastructure recorded in the Mekarjaya District, which are , buildingless market;–;–;–;–;–;1;–;–;–;–;–;–;–
180;Pandeglang;4;Kelurahan;Subdistrict;Kadomas;Babakan Kalanganyar;Kabayan;Pandeglang;;;;;;;;;;;;PANDEGLANG;D:\KCDA\2025\180\Bab7.PNG;D:\KCDA\2025\180\G071.png;D:\KCDA\2025\180\G072.png;D:\KCDA\2025\180\G073.png;Bank merupakan jasa perantara keuangan yang berperan mengumpulkan dana masyarakat dan menyalurkannya sesuai ketentuan yang berlaku. Kehadiran bank di suatu wilayah mendorong pembentukan investasi sektor riil yang akan berujung pada penciptaan nilai tambah ekonomi.  Sampai dengan tahun 2024, sudah dapat dijumpai sejumlah 13 unit bank, untuk jenis bank umum pemerintah, bank umum swasta,  dan bank perkreditan rakyat. ;Koperasi dalam sektor riil memiliki banyak keunggulan sehingga dapat mengoptimalkan potensi keunggulan daerah. Mengacu pada data terakhir, jumlah koperasi yang ada di Kecamatan Pandeglang adalah 6 unit, yaitu koperasi simpan pinjam. ;Meski sebatas sistem pendukung, kehadiran ATM dan agen bank cukup berarti dalam meningkatkan perputaran uang di suatu wilayah Data terahir menunjukkan bahwa sudah dapat ditemui sebanyak 31 unit pendukung tersebut untuk ATM,  dan agen bank di Kecamatan Pandeglang. ;Pasar merupakan sarana perdagangan yang perlu dicermati keberadaannya pada suatu daerah. Berdasarkan data tahun 2024,  tercatat sebanyak 15 jenis infrastruktur perdagangan di Kecamatan Pandeglang, yaitu , pasar dengan bangunan permanen, minimarket/swalayan/supermarket, restoran;Banks are financial intermediaries that play a role in collecting funds from the public and channeling them in accordance with applicable regulations. The presence of banks in a region encourages the formation of real-sector investments that ultimately lead to the creation of economic value added.  Until the year 2024, there are found 13 bank units, which are government owned commercial bank, private commercial bank,  and rural banks. ;Cooperatives in the real sector have numerous advantages, allowing them to harness the potential advantages of the region optimally.  Referring to the latest data, the number of cooperatives in the Pandeglang District is 6 units, which is savings and loan cooperatives. ;Even as support systems, the presence of ATM and bank agent is significant in enhancing the circulation of money in a region. The latest data shows that  there are  31 unit of supporting facilities which is ATM,  dan agen bank can be found in Pandeglang District.;Markets are trading facilities whose existence needs to be noted in a particular area. Based on data from the year 2024,   there are 15 types of trading infrastructure recorded in the Pandeglang District, which are , market with permanent buildings, minimarket/supermarket, restaurant;2;1;1;–;–;2;1;3;1;–;–;3;2
181;Majasari;5;Kelurahan;Subdistrict;Sukaratu;Karaton;Cilaja;Saruni;Pagerbatu;;;;;;;;;;;MAJASARI;D:\KCDA\2025\181\Bab7.PNG;D:\KCDA\2025\181\G071.png;D:\KCDA\2025\181\G072.png;D:\KCDA\2025\181\G073.png;Bank merupakan jasa perantara keuangan yang berperan mengumpulkan dana masyarakat dan menyalurkannya sesuai ketentuan yang berlaku. Kehadiran bank di suatu wilayah mendorong pembentukan investasi sektor riil yang akan berujung pada penciptaan nilai tambah ekonomi.  Sampai dengan tahun 2024, sudah dapat dijumpai sejumlah 2 unit bank, untuk jenis bank umum pemerintah, dan bank umum swasta. ;Koperasi dalam sektor riil memiliki banyak keunggulan sehingga dapat mengoptimalkan potensi keunggulan daerah. Mengacu pada data terakhir, jumlah koperasi yang ada di Kecamatan Majasari adalah 3 unit, yaitu koperasi simpan pinjam. ;Meski sebatas sistem pendukung, kehadiran ATM dan agen bank cukup berarti dalam meningkatkan perputaran uang di suatu wilayah Data terahir menunjukkan bahwa sudah dapat ditemui sebanyak 22 unit pendukung tersebut untuk ATM,  dan agen bank di Kecamatan Majasari. ;Pasar merupakan sarana perdagangan yang perlu dicermati keberadaannya pada suatu daerah. Berdasarkan data tahun 2024,  tercatat sebanyak 15 jenis infrastruktur perdagangan di Kecamatan Majasari, yaitu , pasar dengan bangunan permanen, minimarket/swalayan/supermarket, restoran;Banks are financial intermediaries that play a role in collecting funds from the public and channeling them in accordance with applicable regulations. The presence of banks in a region encourages the formation of real-sector investments that ultimately lead to the creation of economic value added.  Until the year 2024, there are found 2 bank units, which are government owned commercial bank, and private commercial bank. ;Cooperatives in the real sector have numerous advantages, allowing them to harness the potential advantages of the region optimally.  Referring to the latest data, the number of cooperatives in the Majasari District is 3 units, which is savings and loan cooperatives. ;Even as support systems, the presence of ATM and bank agent is significant in enhancing the circulation of money in a region. The latest data shows that  there are  22 unit of supporting facilities which is ATM,  dan agen bank can be found in Majasari District.;Markets are trading facilities whose existence needs to be noted in a particular area. Based on data from the year 2024,   there are 15 types of trading infrastructure recorded in the Majasari District, which are , market with permanent buildings, minimarket/supermarket, restaurant;1;1;–;–;–;2;–;3;1;–;–;3;1
190;Cadasari;11;Desa;Village;Cikentrung;Kaungcaang;Ciinjuk;Cadasari;Tapos;Tanagara;Kurungdahu;Pasirpeuteuy;Kaduengang;Kaduela;Koranji;;;;;CADASARI;D:\KCDA\2025\190\Bab7.PNG;D:\KCDA\2025\190\G071.png;D:\KCDA\2025\190\G072.png;D:\KCDA\2025\190\G073.png;Bank merupakan jasa perantara keuangan yang berperan mengumpulkan dana masyarakat dan menyalurkannya sesuai ketentuan yang berlaku. Kehadiran bank di suatu wilayah mendorong pembentukan investasi sektor riil yang akan berujung pada penciptaan nilai tambah ekonomi.  Sampai dengan tahun 2024, sudah dapat dijumpai sejumlah 1 unit bank, untuk jenis  dan bank umum pemerintah. ;Koperasi dalam sektor riil memiliki banyak keunggulan sehingga dapat mengoptimalkan potensi keunggulan daerah. Mengacu pada data terakhir, jumlah koperasi yang ada di Kecamatan Cadasari adalah 3 unit, yaitu koperasi unit desa,  dan koperasi simpan pinjam. ;Meski sebatas sistem pendukung, kehadiran ATM dan agen bank cukup berarti dalam meningkatkan perputaran uang di suatu wilayah Data terahir menunjukkan bahwa sudah dapat ditemui sebanyak 9 unit pendukung tersebut untuk ATM,  dan agen bank di Kecamatan Cadasari. ;Pasar merupakan sarana perdagangan yang perlu dicermati keberadaannya pada suatu daerah. Berdasarkan data tahun 2024,  tercatat sebanyak 15 jenis infrastruktur perdagangan di Kecamatan Cadasari, yaitu , pasar dengan bangunan permanen, minimarket/swalayan/supermarket, restoran;Banks are financial intermediaries that play a role in collecting funds from the public and channeling them in accordance with applicable regulations. The presence of banks in a region encourages the formation of real-sector investments that ultimately lead to the creation of economic value added.  Until the year 2024, there is found 1 bank unit, which is  and government owned commercial bank. ;Cooperatives in the real sector have numerous advantages, allowing them to harness the potential advantages of the region optimally.  Referring to the latest data, the number of cooperatives in the Cadasari District is 3 units, which is village cooperatives,  dan savings and loan cooperatives. ;Even as support systems, the presence of ATM and bank agent is significant in enhancing the circulation of money in a region. The latest data shows that  there are  9 unit of supporting facilities which is ATM,  dan agen bank can be found in Cadasari District.;Markets are trading facilities whose existence needs to be noted in a particular area. Based on data from the year 2024,   there are 15 types of trading infrastructure recorded in the Cadasari District, which are , market with permanent buildings, minimarket/supermarket, restaurant;–;–;–;1;1;1;–;1;1;–;–;1;1
191;Karangtanjung;4;Kelurahan;Subdistrict;Kadumerak;Pagadungan;Cigadung;Juhut;;;;;;;;;;;;KARANGTANJUNG;D:\KCDA\2025\191\Bab7.PNG;D:\KCDA\2025\191\G071.png;D:\KCDA\2025\191\G072.png;D:\KCDA\2025\191\G073.png;Bank merupakan jasa perantara keuangan yang berperan mengumpulkan dana masyarakat dan menyalurkannya sesuai ketentuan yang berlaku. Kehadiran bank di suatu wilayah mendorong pembentukan investasi sektor riil yang akan berujung pada penciptaan nilai tambah ekonomi.  Sangat disayangkan, keberadaan lembaga keuangan ini belum terlihat di seluruh kelurahan untuk Kecamatan Karangtanjung sampai dengan tahun 2024. ;Koperasi dalam sektor riil memiliki banyak keunggulan sehingga dapat mengoptimalkan potensi keunggulan daerah. Mengacu pada data terakhir, jumlah koperasi yang ada di Kecamatan Karangtanjung adalah 2 unit, yaitu koperasi simpan pinjam. ;Meski sebatas sistem pendukung, kehadiran ATM dan agen bank cukup berarti dalam meningkatkan perputaran uang di suatu wilayah Data terahir menunjukkan bahwa sudah dapat ditemui sebanyak 5 unit pendukung tersebut untuk ATM,  dan agen bank di Kecamatan Karangtanjung. ;Pasar merupakan sarana perdagangan yang perlu dicermati keberadaannya pada suatu daerah. Berdasarkan data tahun 2024,  tercatat sebanyak 10 jenis infrastruktur perdagangan di Kecamatan Karangtanjung, yaitu , minimarket/swalayan/supermarket, restoran;Banks are financial intermediaries that play a role in collecting funds from the public and channeling them in accordance with applicable regulations. The presence of banks in a region encourages the formation of real-sector investments that ultimately lead to the creation of economic value added.  Unfortunately, the presence of this financial institution has not been observed throughout Subdistrict for Karangtanjung District until the year 2024. ;Cooperatives in the real sector have numerous advantages, allowing them to harness the potential advantages of the region optimally.  Referring to the latest data, the number of cooperatives in the Karangtanjung District is 2 units, which is savings and loan cooperatives. ;Even as support systems, the presence of ATM and bank agent is significant in enhancing the circulation of money in a region. The latest data shows that  there are  5 unit of supporting facilities which is ATM,  dan agen bank can be found in Karangtanjung District.;Markets are trading facilities whose existence needs to be noted in a particular area. Based on data from the year 2024,   there are 10 types of trading infrastructure recorded in the Karangtanjung District, which are , minimarket/supermarket, restaurant;–;–;–;–;–;4;–;2;–;–;–;4;3
192;Koroncong;12;Desa;Village;Pasirjaksa;Bangkonol;Tegalongok;Pasirkarag;Paniis;Setrajaya;Karangsetra;Pakuluran;Koroncong;Gerendong;Awilega;Sukajaya;;;;KORONCONG;D:\KCDA\2025\192\Bab7.PNG;D:\KCDA\2025\192\G071.png;D:\KCDA\2025\192\G072.png;D:\KCDA\2025\192\G073.png;Bank merupakan jasa perantara keuangan yang berperan mengumpulkan dana masyarakat dan menyalurkannya sesuai ketentuan yang berlaku. Kehadiran bank di suatu wilayah mendorong pembentukan investasi sektor riil yang akan berujung pada penciptaan nilai tambah ekonomi.  Sangat disayangkan, keberadaan lembaga keuangan ini belum terlihat di seluruh desa untuk Kecamatan Koroncong sampai dengan tahun 2024. ;Koperasi dalam sektor riil memiliki banyak keunggulan sehingga dapat mengoptimalkan potensi keunggulan daerah. Mengacu pada data terakhir, belum tercatat ada koperasi yang didirikan di Kecamatan Koroncong ;Meski sebatas sistem pendukung, kehadiran ATM dan agen bank cukup berarti dalam meningkatkan perputaran uang di suatu wilayah Data terahir menunjukkan bahwa sudah dapat ditemui sebanyak 3 unit pendukung tersebut untuk ATM,  dan agen bank di Kecamatan Koroncong. ;Pasar merupakan sarana perdagangan yang perlu dicermati keberadaannya pada suatu daerah. Berdasarkan data tahun 2024,  tercatat sebanyak 3 jenis infrastruktur perdagangan di Kecamatan Koroncong, yaitu ;Banks are financial intermediaries that play a role in collecting funds from the public and channeling them in accordance with applicable regulations. The presence of banks in a region encourages the formation of real-sector investments that ultimately lead to the creation of economic value added.  Unfortunately, the presence of this financial institution has not been observed throughout village for Koroncong District until the year 2024. ;Cooperatives in the real sector have numerous advantages, allowing them to harness the potential advantages of the region optimally.  Referring to the latest data, no cooperatives have been established in the Koroncong District.;Even as support systems, the presence of ATM and bank agent is significant in enhancing the circulation of money in a region. The latest data shows that  there are  3 unit of supporting facilities which is ATM,  dan agen bank can be found in Koroncong District.;Markets are trading facilities whose existence needs to be noted in a particular area. Based on data from the year 2024,   there are 3 types of trading infrastructure recorded in the Koroncong District, which are ;–;–;–;–;–;1;–;–;–;–;–;1;–
